{"losses": [1.249619483947754, 3.1104290771484373, 5.364214477539062, 3.685316467285156, 2.9181427001953124, 6.619928131103515, 8.796028442382813, 6.286809234619141, 8.402435302734375, 7.840509643554688], "params": {"time": 10, "prediction_path": "./output/erdos_predictions.csv", "gamma": 0.99, "step_dimensions": 32, "train_graph_folder": "./input/train/", "log_path": "./logs/erdos_gam_logs.json", "weight_decay": 1e-05, "combined_dimensions": 64, "repetitions": 10, "test_graph_folder": "./input/test/", "batch_size": 32, "learning_rate": 0.001, "epochs": 10}, "test_accuracy": 0.62}